<?xml version="1.0" encoding="UTF-8"?><bm_lib_func><id>38699532</id><name><en><![CDATA[getBasicAuthCredentials]]></en><de><![CDATA[]]></de><fr><![CDATA[]]></fr><es><![CDATA[]]></es><it><![CDATA[]]></it><zh_CN><![CDATA[]]></zh_CN><zh_TW><![CDATA[]]></zh_TW><fr_CA><![CDATA[]]></fr_CA><ja_JP><![CDATA[]]></ja_JP><ko_KR><![CDATA[]]></ko_KR><pt_BR><![CDATA[]]></pt_BR><ru_RU><![CDATA[]]></ru_RU><pt_PT><![CDATA[]]></pt_PT></name><variable_name><![CDATA[CN_GetBasicAuthCredentials]]></variable_name><description><en><![CDATA[]]></en><de><![CDATA[]]></de><fr><![CDATA[]]></fr><es><![CDATA[]]></es><it><![CDATA[]]></it><zh_CN><![CDATA[]]></zh_CN><zh_TW><![CDATA[]]></zh_TW><fr_CA><![CDATA[]]></fr_CA><ja_JP><![CDATA[]]></ja_JP><ko_KR><![CDATA[]]></ko_KR><pt_BR><![CDATA[]]></pt_BR><ru_RU><![CDATA[]]></ru_RU><pt_PT><![CDATA[]]></pt_PT></description><return_type>1</return_type><func_type>1</func_type><function_id>38699531</function_id><main_script_text></main_script_text><date_modified>1519067045000</date_modified><guid><![CDATA[bm_lib_func_util_CN_GetBasicAuthCredentials]]></guid><folder_id>4133367</folder_id><namespace></namespace><func_override_id>-1</func_override_id><namespace_permissions>0</namespace_permissions><_children><bm_function><id>38699531</id><ref_type>16</ref_type><script_text><![CDATA[//get credentials for JCS-SXs 2 legged OAuth client that was stored by you in secure columns of custom data tables
clientname = accountName;
clients = bmql("select username, password from CN_Credentials where integrationName=$clientname");
//base 64 encode the credentials, per Basic Authorization standard
for client in clients {
encodedCreds= encodebase64( get(client, "username") + ":" + get(client, "password"));
return encodedCreds;
}
//allow appropriate message to user, if integration client information was not located
return defaultReturnValue;]]></script_text><java_class_name><![CDATA[com.bm.xchange.bmscript.bmllib.util.LibFunction_CN_GetBasicAuthCredentials_1]]></java_class_name><child_class_names></child_class_names><date_modified>1519067045000</date_modified><guid><![CDATA[e56a56b7-c5f6-4dd4-8391-0004f27c3dec]]></guid><_children></_children></bm_function><bm_lib_func_param><id>38699534</id><bm_lib_func_id>38699532</bm_lib_func_id><param_name><![CDATA[accountName]]></param_name><ref_id>-1</ref_id><param_location>0</param_location><param_type>-1</param_type><datatype>2</datatype><date_modified>1519067045000</date_modified><order_no>1</order_no><guid><![CDATA[bm_lib_func_util_CN_GetBasicAuthCredentials.bm_lib_func_param_accountName_2]]></guid></bm_lib_func_param><bm_lib_func_param><id>38699535</id><bm_lib_func_id>38699532</bm_lib_func_id><param_name><![CDATA[defaultReturnValue]]></param_name><ref_id>-1</ref_id><param_location>0</param_location><param_type>-1</param_type><datatype>2</datatype><date_modified>1519067045000</date_modified><order_no>2</order_no><guid><![CDATA[bm_lib_func_util_CN_GetBasicAuthCredentials.bm_lib_func_param_defaultReturnValue_2]]></guid></bm_lib_func_param></_children></bm_lib_func>