<?xml version="1.0" encoding="UTF-8"?><bm_lib_func><id>38699245</id><name><en><![CDATA[Get File Attachment Data]]></en><de><![CDATA[]]></de><fr><![CDATA[]]></fr><es><![CDATA[]]></es><it><![CDATA[]]></it><zh_CN><![CDATA[]]></zh_CN><zh_TW><![CDATA[]]></zh_TW><fr_CA><![CDATA[]]></fr_CA><ja_JP><![CDATA[]]></ja_JP><ko_KR><![CDATA[]]></ko_KR><pt_BR><![CDATA[]]></pt_BR><ru_RU><![CDATA[]]></ru_RU><pt_PT><![CDATA[]]></pt_PT></name><variable_name><![CDATA[CN_GetFileAttachmentData]]></variable_name><description><en><![CDATA[US#5678 : This is used to retrieve the file attachment.]]></en><de><![CDATA[]]></de><fr><![CDATA[]]></fr><es><![CDATA[]]></es><it><![CDATA[]]></it><zh_CN><![CDATA[]]></zh_CN><zh_TW><![CDATA[]]></zh_TW><fr_CA><![CDATA[]]></fr_CA><ja_JP><![CDATA[]]></ja_JP><ko_KR><![CDATA[]]></ko_KR><pt_BR><![CDATA[]]></pt_BR><ru_RU><![CDATA[]]></ru_RU><pt_PT><![CDATA[]]></pt_PT></description><return_type>15</return_type><func_type>1</func_type><function_id>38699244</function_id><main_script_text></main_script_text><date_modified>1536756696000</date_modified><guid><![CDATA[bm_lib_func_util_CN_GetFileAttachmentData]]></guid><folder_id>4133367</folder_id><namespace></namespace><func_override_id>-1</func_override_id><namespace_permissions>0</namespace_permissions><_children><bm_function><id>38699244</id><ref_type>16</ref_type><script_text><![CDATA[response = dict("string");
url = siteUrl+"/rest/v2"+
"/commerceProcesses/"+ processVarName+
"/transactions/"+ string(transactionId)+
"/attachments/"+ attachmentVarName+"/";
headers = dict("string");
put(headers, "Authorization", userAuth );
put(headers, "Accept", "application/json");
// call rest method
xlsxResponse = urldata( url, "GET", headers );
if( get(xlsxResponse, "Status-Code") <> "200" ){
put(response, "error", get(xlsxResponse, "Error-Message"));
return response;
/* ************************************** */
}else{
mb = get(xlsxResponse, "Message-Body");
jmb = json(mb);
fileContent = jsonget(jmb, "fileContent");
if( len(fileContent) < 5 ){
put(response, "error", "GetFileAttachment: Could not locate document in Response.");
return response;
}
put(response, "base64doc", fileContent);
return response;
}]]></script_text><java_class_name><![CDATA[com.bm.xchange.bmscript.bmllib.util.LibFunction_CN_GetFileAttachmentData_1]]></java_class_name><child_class_names></child_class_names><date_modified>1536756696000</date_modified><guid><![CDATA[4c712dbe-137b-4f63-b0aa-5fe6531a9dbb]]></guid><_children></_children></bm_function><bm_lib_func_param><id>38699247</id><bm_lib_func_id>38699245</bm_lib_func_id><param_name><![CDATA[siteUrl]]></param_name><ref_id>-1</ref_id><param_location>0</param_location><param_type>-1</param_type><datatype>2</datatype><date_modified>1536756696000</date_modified><order_no>1</order_no><guid><![CDATA[bm_lib_func_util_CN_GetFileAttachmentData.bm_lib_func_param_siteUrl_2]]></guid></bm_lib_func_param><bm_lib_func_param><id>38699248</id><bm_lib_func_id>38699245</bm_lib_func_id><param_name><![CDATA[userAuth]]></param_name><ref_id>-1</ref_id><param_location>0</param_location><param_type>-1</param_type><datatype>2</datatype><date_modified>1536756696000</date_modified><order_no>2</order_no><guid><![CDATA[bm_lib_func_util_CN_GetFileAttachmentData.bm_lib_func_param_userAuth_2]]></guid></bm_lib_func_param><bm_lib_func_param><id>38699249</id><bm_lib_func_id>38699245</bm_lib_func_id><param_name><![CDATA[processVarName]]></param_name><ref_id>-1</ref_id><param_location>0</param_location><param_type>-1</param_type><datatype>2</datatype><date_modified>1536756696000</date_modified><order_no>3</order_no><guid><![CDATA[bm_lib_func_util_CN_GetFileAttachmentData.bm_lib_func_param_processVarName_2]]></guid></bm_lib_func_param><bm_lib_func_param><id>38699250</id><bm_lib_func_id>38699245</bm_lib_func_id><param_name><![CDATA[transactionId]]></param_name><ref_id>-1</ref_id><param_location>0</param_location><param_type>-1</param_type><datatype>6</datatype><date_modified>1536756696000</date_modified><order_no>4</order_no><guid><![CDATA[bm_lib_func_util_CN_GetFileAttachmentData.bm_lib_func_param_transactionId_6]]></guid></bm_lib_func_param><bm_lib_func_param><id>38699251</id><bm_lib_func_id>38699245</bm_lib_func_id><param_name><![CDATA[attachmentVarName]]></param_name><ref_id>-1</ref_id><param_location>0</param_location><param_type>-1</param_type><datatype>2</datatype><date_modified>1536756696000</date_modified><order_no>5</order_no><guid><![CDATA[bm_lib_func_util_CN_GetFileAttachmentData.bm_lib_func_param_attachmentVarName_2]]></guid></bm_lib_func_param></_children></bm_lib_func>