<?xml version="1.0" encoding="UTF-8"?><record_list><site_version><![CDATA[18.1.2]]></site_version><each_record><category>LIBRARY</category><action>modify</action><folder_identifier><![CDATA[quoteAnalysisPL]]></folder_identifier><display_name><![CDATA[quoteAnalysisPL]]></display_name></each_record><each_record><category>LIBRARY</category><action>modify</action><folder_identifier><![CDATA[recItemBOM]]></folder_identifier><display_name><![CDATA[recItemBOM]]></display_name></each_record><each_record><category>LIBRARY</category><action>modify</action><folder_identifier><![CDATA[abotester_doUpdateAsset]]></folder_identifier><display_name><![CDATA[abotester_doUpdateAsset]]></display_name></each_record><each_record><category>LIBRARY</category><action>modify</action><folder_identifier><![CDATA[CN_GetFileAttachmentData]]></folder_identifier><display_name><![CDATA[CN_GetFileAttachmentData]]></display_name></each_record><each_record><category>LIBRARY</category><action>modify</action><folder_identifier><![CDATA[CN_UpdateFileAttachment]]></folder_identifier><display_name><![CDATA[CN_UpdateFileAttachment]]></display_name></each_record><each_record><category>LIBRARY</category><action>modify</action><folder_identifier><![CDATA[CN_CompareDocx]]></folder_identifier><display_name><![CDATA[CN_CompareDocx]]></display_name></each_record><each_record><category>LIBRARY</category><action>modify</action><folder_identifier><![CDATA[CN_GetBasicAuthCredentials]]></folder_identifier><display_name><![CDATA[CN_GetBasicAuthCredentials]]></display_name></each_record><each_record><category>LIBRARY</category><action>modify</action><folder_identifier><![CDATA[parseCSV]]></folder_identifier><display_name><![CDATA[parseCSV]]></display_name></each_record><each_record><category>LIBRARY</category><action>modify</action><folder_identifier><![CDATA[CN_GetFileIdFromResponse]]></folder_identifier><display_name><![CDATA[CN_GetFileIdFromResponse]]></display_name></each_record><each_record><category>LIBRARY</category><action>modify</action><folder_identifier><![CDATA[CN_PrintEmailDesigner]]></folder_identifier><display_name><![CDATA[CN_PrintEmailDesigner]]></display_name></each_record><each_record><category>LIBRARY</category><action>modify</action><folder_identifier><![CDATA[CN_PrintDocDesigner]]></folder_identifier><display_name><![CDATA[CN_PrintDocDesigner]]></display_name></each_record><each_record><category>LIBRARY</category><action>modify</action><folder_identifier><![CDATA[CN_MergeDocx]]></folder_identifier><display_name><![CDATA[CN_MergeDocx]]></display_name></each_record></record_list>