<?xml version="1.0" encoding="UTF-8"?><bm_lib_func><id>36791389</id><name><en><![CDATA[Parse CSV]]></en><de><![CDATA[]]></de><fr><![CDATA[]]></fr><es><![CDATA[]]></es><it><![CDATA[]]></it><zh_CN><![CDATA[]]></zh_CN><zh_TW><![CDATA[]]></zh_TW><fr_CA><![CDATA[]]></fr_CA><ja_JP><![CDATA[]]></ja_JP><ko_KR><![CDATA[]]></ko_KR><pt_BR><![CDATA[]]></pt_BR><ru_RU><![CDATA[]]></ru_RU><pt_PT><![CDATA[]]></pt_PT></name><variable_name><![CDATA[parseCSV]]></variable_name><description><en><![CDATA[]]></en><de><![CDATA[]]></de><fr><![CDATA[]]></fr><es><![CDATA[]]></es><it><![CDATA[]]></it><zh_CN><![CDATA[]]></zh_CN><zh_TW><![CDATA[]]></zh_TW><fr_CA><![CDATA[]]></fr_CA><ja_JP><![CDATA[]]></ja_JP><ko_KR><![CDATA[]]></ko_KR><pt_BR><![CDATA[]]></pt_BR><ru_RU><![CDATA[]]></ru_RU><pt_PT><![CDATA[]]></pt_PT></description><return_type>12</return_type><func_type>1</func_type><function_id>36791388</function_id><main_script_text></main_script_text><date_modified>1511378850000</date_modified><guid><![CDATA[bm_lib_func_util_parseCSV]]></guid><folder_id>4133367</folder_id><namespace></namespace><func_override_id>-1</func_override_id><namespace_permissions>0</namespace_permissions><_children><bm_function><id>36791388</id><ref_type>16</ref_type><script_text><![CDATA[arr = string[][];
raw = urldatabyget(fileLocation, "", "ERROR");
if(raw == "ERROR"){
	return arr;
}
goodLines = 0;
knownColumns = 0;
rawLines = split(raw,"\n");
for rl in rawLines{
	rawCols = split(rl,",");
	if(goodLines == 0){
		knownColumns = sizeofarray(rawCols);
	}
	if(sizeofarray(rawCols) <> knownColumns){
		break;
	}
	else{
	goodLines = goodLines + 1;
	}
}
rows = range(goodLines);
cols = range(knownColumns);
for row in rows{
	rawColumns = split(rawLines[row],",");
	for col in cols{
		arr[row][col] = rawColumns[col];
	}
}
return arr;]]></script_text><java_class_name><![CDATA[com.bm.xchange.bmscript.bmllib.util.LibFunction_parseCSV_1]]></java_class_name><child_class_names></child_class_names><date_modified>1511378871000</date_modified><guid><![CDATA[e16a57be-17f4-45b9-8713-3afc48de5ac9]]></guid><_children></_children></bm_function><bm_lib_func_param><id>36791390</id><bm_lib_func_id>36791389</bm_lib_func_id><param_name><![CDATA[fileLocation]]></param_name><ref_id>-1</ref_id><param_location>0</param_location><param_type>-1</param_type><datatype>2</datatype><date_modified>1511378851000</date_modified><order_no>1</order_no><guid><![CDATA[bm_lib_func_util_parseCSV.bm_lib_func_param_fileLocation_2]]></guid></bm_lib_func_param></_children></bm_lib_func>