<?xml version="1.0" encoding="UTF-8"?><bm_lib_func><id>38699283</id><name><en><![CDATA[Update File Attachment]]></en><de><![CDATA[]]></de><fr><![CDATA[]]></fr><es><![CDATA[]]></es><it><![CDATA[]]></it><zh_CN><![CDATA[]]></zh_CN><zh_TW><![CDATA[]]></zh_TW><fr_CA><![CDATA[]]></fr_CA><ja_JP><![CDATA[]]></ja_JP><ko_KR><![CDATA[]]></ko_KR><pt_BR><![CDATA[]]></pt_BR><ru_RU><![CDATA[]]></ru_RU><pt_PT><![CDATA[]]></pt_PT></name><variable_name><![CDATA[CN_UpdateFileAttachment]]></variable_name><description><en><![CDATA[]]></en><de><![CDATA[]]></de><fr><![CDATA[]]></fr><es><![CDATA[]]></es><it><![CDATA[]]></it><zh_CN><![CDATA[]]></zh_CN><zh_TW><![CDATA[]]></zh_TW><fr_CA><![CDATA[]]></fr_CA><ja_JP><![CDATA[]]></ja_JP><ko_KR><![CDATA[]]></ko_KR><pt_BR><![CDATA[]]></pt_BR><ru_RU><![CDATA[]]></ru_RU><pt_PT><![CDATA[]]></pt_PT></description><return_type>15</return_type><func_type>1</func_type><function_id>38699282</function_id><main_script_text></main_script_text><date_modified>1519065708000</date_modified><guid><![CDATA[bm_lib_func_util_CN_UpdateFileAttachment]]></guid><folder_id>4133367</folder_id><namespace></namespace><func_override_id>-1</func_override_id><namespace_permissions>0</namespace_permissions><_children><bm_function><id>38699282</id><ref_type>16</ref_type><script_text><![CDATA[response = dict("string");
url = siteUrl+"/rest/v2"+
"/commerceProcesses/" + processVarName+
"/transactions/" + string(transactionId) +
"/attachments/" + attachmentVarname;
headers = dict("string");
put(headers, "Authorization", userAuth );
put(headers, "Accept", "application/json");
put(headers, "Content-Type", "application/json");
// add json data
usePrintContext = "false";
if(NOT hasBrowse){
usePrintContext = "true";
}
jsonObj = json();
jsonput(jsonObj, "mediaType", fileType);
jsonput(jsonObj, "fileContent", fileContent);
jsonput(jsonObj, "useTempTable", usePrintContext);
jsonput(jsonObj, "usePrintContext", usePrintContext);
jsonput(jsonObj, "fileName", fileName);
// call rest method
xlsxResponse = urldata( url, "POST", headers, jsontostr(jsonObj) );
if( get(xlsxResponse, "Status-Code") <> "200" ){
put(response, "error", get(xlsxResponse, "Error-Message"));
return response;
}else{
return xlsxResponse;
}]]></script_text><java_class_name><![CDATA[com.bm.xchange.bmscript.bmllib.util.LibFunction_CN_UpdateFileAttachment_1]]></java_class_name><child_class_names></child_class_names><date_modified>1519065708000</date_modified><guid><![CDATA[fd1417ae-8a7b-491b-90b1-319e49446ae8]]></guid><_children></_children></bm_function><bm_lib_func_param><id>38699285</id><bm_lib_func_id>38699283</bm_lib_func_id><param_name><![CDATA[siteUrl]]></param_name><ref_id>-1</ref_id><param_location>0</param_location><param_type>-1</param_type><datatype>2</datatype><date_modified>1519065708000</date_modified><order_no>1</order_no><guid><![CDATA[bm_lib_func_util_CN_UpdateFileAttachment.bm_lib_func_param_siteUrl_2]]></guid></bm_lib_func_param><bm_lib_func_param><id>38699286</id><bm_lib_func_id>38699283</bm_lib_func_id><param_name><![CDATA[userAuth]]></param_name><ref_id>-1</ref_id><param_location>0</param_location><param_type>-1</param_type><datatype>2</datatype><date_modified>1519065708000</date_modified><order_no>2</order_no><guid><![CDATA[bm_lib_func_util_CN_UpdateFileAttachment.bm_lib_func_param_userAuth_2]]></guid></bm_lib_func_param><bm_lib_func_param><id>38699287</id><bm_lib_func_id>38699283</bm_lib_func_id><param_name><![CDATA[processVarName]]></param_name><ref_id>-1</ref_id><param_location>0</param_location><param_type>-1</param_type><datatype>2</datatype><date_modified>1519065708000</date_modified><order_no>3</order_no><guid><![CDATA[bm_lib_func_util_CN_UpdateFileAttachment.bm_lib_func_param_processVarName_2]]></guid></bm_lib_func_param><bm_lib_func_param><id>38699288</id><bm_lib_func_id>38699283</bm_lib_func_id><param_name><![CDATA[transactionId]]></param_name><ref_id>-1</ref_id><param_location>0</param_location><param_type>-1</param_type><datatype>6</datatype><date_modified>1519065708000</date_modified><order_no>4</order_no><guid><![CDATA[bm_lib_func_util_CN_UpdateFileAttachment.bm_lib_func_param_transactionId_6]]></guid></bm_lib_func_param><bm_lib_func_param><id>38699289</id><bm_lib_func_id>38699283</bm_lib_func_id><param_name><![CDATA[attachmentVarName]]></param_name><ref_id>-1</ref_id><param_location>0</param_location><param_type>-1</param_type><datatype>2</datatype><date_modified>1519065708000</date_modified><order_no>5</order_no><guid><![CDATA[bm_lib_func_util_CN_UpdateFileAttachment.bm_lib_func_param_attachmentVarName_2]]></guid></bm_lib_func_param><bm_lib_func_param><id>38699290</id><bm_lib_func_id>38699283</bm_lib_func_id><param_name><![CDATA[fileType]]></param_name><ref_id>-1</ref_id><param_location>0</param_location><param_type>-1</param_type><datatype>2</datatype><date_modified>1519065708000</date_modified><order_no>6</order_no><guid><![CDATA[bm_lib_func_util_CN_UpdateFileAttachment.bm_lib_func_param_fileType_2]]></guid></bm_lib_func_param><bm_lib_func_param><id>38699291</id><bm_lib_func_id>38699283</bm_lib_func_id><param_name><![CDATA[fileContent]]></param_name><ref_id>-1</ref_id><param_location>0</param_location><param_type>-1</param_type><datatype>2</datatype><date_modified>1519065708000</date_modified><order_no>7</order_no><guid><![CDATA[bm_lib_func_util_CN_UpdateFileAttachment.bm_lib_func_param_fileContent_2]]></guid></bm_lib_func_param><bm_lib_func_param><id>38699292</id><bm_lib_func_id>38699283</bm_lib_func_id><param_name><![CDATA[fileName]]></param_name><ref_id>-1</ref_id><param_location>0</param_location><param_type>-1</param_type><datatype>2</datatype><date_modified>1519065708000</date_modified><order_no>8</order_no><guid><![CDATA[bm_lib_func_util_CN_UpdateFileAttachment.bm_lib_func_param_fileName_2]]></guid></bm_lib_func_param><bm_lib_func_param><id>38699293</id><bm_lib_func_id>38699283</bm_lib_func_id><param_name><![CDATA[hasBrowse]]></param_name><ref_id>-1</ref_id><param_location>0</param_location><param_type>-1</param_type><datatype>0</datatype><date_modified>1519065708000</date_modified><order_no>9</order_no><guid><![CDATA[bm_lib_func_util_CN_UpdateFileAttachment.bm_lib_func_param_hasBrowse_0]]></guid></bm_lib_func_param></_children></bm_lib_func>