<?xml version="1.0" encoding="UTF-8"?><bm_lib_func><id>38699304</id><name><en><![CDATA[Get File Id From Response]]></en><de><![CDATA[]]></de><fr><![CDATA[]]></fr><es><![CDATA[]]></es><it><![CDATA[]]></it><zh_CN><![CDATA[]]></zh_CN><zh_TW><![CDATA[]]></zh_TW><fr_CA><![CDATA[]]></fr_CA><ja_JP><![CDATA[]]></ja_JP><ko_KR><![CDATA[]]></ko_KR><pt_BR><![CDATA[]]></pt_BR><ru_RU><![CDATA[]]></ru_RU><pt_PT><![CDATA[]]></pt_PT></name><variable_name><![CDATA[CN_GetFileIdFromResponse]]></variable_name><description><en><![CDATA[]]></en><de><![CDATA[]]></de><fr><![CDATA[]]></fr><es><![CDATA[]]></es><it><![CDATA[]]></it><zh_CN><![CDATA[]]></zh_CN><zh_TW><![CDATA[]]></zh_TW><fr_CA><![CDATA[]]></fr_CA><ja_JP><![CDATA[]]></ja_JP><ko_KR><![CDATA[]]></ko_KR><pt_BR><![CDATA[]]></pt_BR><ru_RU><![CDATA[]]></ru_RU><pt_PT><![CDATA[]]></pt_PT></description><return_type>3</return_type><func_type>1</func_type><function_id>38699303</function_id><main_script_text></main_script_text><date_modified>1519065772000</date_modified><guid><![CDATA[bm_lib_func_util_CN_GetFileIdFromResponse]]></guid><folder_id>4133367</folder_id><namespace></namespace><func_override_id>-1</func_override_id><namespace_permissions>0</namespace_permissions><_children><bm_function><id>38699303</id><ref_type>16</ref_type><script_text><![CDATA[mb = get(response, "Message-Body");
jmb = json(mb);
ids = jsonget(jmb, "fileId");
if( isnumber(ids) ){
return atoi(ids);
}
return -1;]]></script_text><java_class_name><![CDATA[com.bm.xchange.bmscript.bmllib.util.LibFunction_CN_GetFileIdFromResponse_1]]></java_class_name><child_class_names></child_class_names><date_modified>1519065772000</date_modified><guid><![CDATA[54a2794d-7747-4260-8864-6cca05265c37]]></guid><_children></_children></bm_function><bm_lib_func_param><id>38699306</id><bm_lib_func_id>38699304</bm_lib_func_id><param_name><![CDATA[response]]></param_name><ref_id>-1</ref_id><param_location>0</param_location><param_type>-1</param_type><datatype>13</datatype><date_modified>1519065772000</date_modified><order_no>1</order_no><guid><![CDATA[bm_lib_func_util_CN_GetFileIdFromResponse.bm_lib_func_param_response_13]]></guid></bm_lib_func_param></_children></bm_lib_func>