<?xml version="1.0" encoding="UTF-8"?><bm_lib_func><id>38699420</id><name><en><![CDATA[Compare Docx]]></en><de><![CDATA[]]></de><fr><![CDATA[]]></fr><es><![CDATA[]]></es><it><![CDATA[]]></it><zh_CN><![CDATA[]]></zh_CN><zh_TW><![CDATA[]]></zh_TW><fr_CA><![CDATA[]]></fr_CA><ja_JP><![CDATA[]]></ja_JP><ko_KR><![CDATA[]]></ko_KR><pt_BR><![CDATA[]]></pt_BR><ru_RU><![CDATA[]]></ru_RU><pt_PT><![CDATA[]]></pt_PT></name><variable_name><![CDATA[CN_CompareDocx]]></variable_name><description><en><![CDATA[]]></en><de><![CDATA[]]></de><fr><![CDATA[]]></fr><es><![CDATA[]]></es><it><![CDATA[]]></it><zh_CN><![CDATA[]]></zh_CN><zh_TW><![CDATA[]]></zh_TW><fr_CA><![CDATA[]]></fr_CA><ja_JP><![CDATA[]]></ja_JP><ko_KR><![CDATA[]]></ko_KR><pt_BR><![CDATA[]]></pt_BR><ru_RU><![CDATA[]]></ru_RU><pt_PT><![CDATA[]]></pt_PT></description><return_type>15</return_type><func_type>1</func_type><function_id>38699419</function_id><main_script_text></main_script_text><date_modified>1519072751000</date_modified><guid><![CDATA[bm_lib_func_util_CN_CompareDocx]]></guid><folder_id>4133367</folder_id><namespace></namespace><func_override_id>-1</func_override_id><namespace_permissions>0</namespace_permissions><_children><bm_function><id>38699419</id><ref_type>16</ref_type><script_text><![CDATA[response = dict("string");
// GENERATE DIFF REST CALL
url = siteUrl+"/rest/v2/docxCompare";
jsonObj = json();
jsonput(jsonObj, "processVarname", processVarName);
jsonput(jsonObj, "transactionId", transactionId);
jsonput(jsonObj, "oldDocAttachId", prevFileAttachId);
jsonput(jsonObj, "newDocAttachId", curFileAttachId);
headers = dict("string");
put(headers, "Authorization", userAuth );
put(headers, "Accept", "application/json");
put(headers, "Content-Type", "application/json");
// call rest method
xlsxResponse = urldata( url, "POST", headers, jsontostr(jsonObj) );
if( get(xlsxResponse, "Status-Code") <> "200" ){
err = get(xlsxResponse, "Error-Message");
if(len(err) <= 5){
err = get(xlsxResponse, "Message-Body");
}
put(response, "error", err);
return response;
}else{
mb = get(xlsxResponse, "Message-Body");
jmb = json(mb);
diffs = jsonget(jmb , "diffs" );
if(len(diffs) > 3){
put(response, "jsonString", mb);
}
}
print("COMPARE COMPLETE");
return response;]]></script_text><java_class_name><![CDATA[com.bm.xchange.bmscript.bmllib.util.LibFunction_CN_CompareDocx_1]]></java_class_name><child_class_names></child_class_names><date_modified>1519072751000</date_modified><guid><![CDATA[3b77085d-64f1-420c-bf96-a6107ff03ad2]]></guid><_children></_children></bm_function><bm_lib_func_param><id>38699422</id><bm_lib_func_id>38699420</bm_lib_func_id><param_name><![CDATA[siteUrl]]></param_name><ref_id>-1</ref_id><param_location>0</param_location><param_type>-1</param_type><datatype>2</datatype><date_modified>1519072751000</date_modified><order_no>1</order_no><guid><![CDATA[bm_lib_func_util_CN_CompareDocx.bm_lib_func_param_siteUrl_2]]></guid></bm_lib_func_param><bm_lib_func_param><id>38699423</id><bm_lib_func_id>38699420</bm_lib_func_id><param_name><![CDATA[userAuth]]></param_name><ref_id>-1</ref_id><param_location>0</param_location><param_type>-1</param_type><datatype>2</datatype><date_modified>1519072751000</date_modified><order_no>2</order_no><guid><![CDATA[bm_lib_func_util_CN_CompareDocx.bm_lib_func_param_userAuth_2]]></guid></bm_lib_func_param><bm_lib_func_param><id>38699424</id><bm_lib_func_id>38699420</bm_lib_func_id><param_name><![CDATA[processVarName]]></param_name><ref_id>-1</ref_id><param_location>0</param_location><param_type>-1</param_type><datatype>2</datatype><date_modified>1519072751000</date_modified><order_no>3</order_no><guid><![CDATA[bm_lib_func_util_CN_CompareDocx.bm_lib_func_param_processVarName_6]]></guid></bm_lib_func_param><bm_lib_func_param><id>38699425</id><bm_lib_func_id>38699420</bm_lib_func_id><param_name><![CDATA[transactionId]]></param_name><ref_id>-1</ref_id><param_location>0</param_location><param_type>-1</param_type><datatype>6</datatype><date_modified>1519072751000</date_modified><order_no>4</order_no><guid><![CDATA[bm_lib_func_util_CN_CompareDocx.bm_lib_func_param_transactionId_6]]></guid></bm_lib_func_param><bm_lib_func_param><id>38699426</id><bm_lib_func_id>38699420</bm_lib_func_id><param_name><![CDATA[prevFileAttachId]]></param_name><ref_id>-1</ref_id><param_location>0</param_location><param_type>-1</param_type><datatype>6</datatype><date_modified>1519072751000</date_modified><order_no>5</order_no><guid><![CDATA[bm_lib_func_util_CN_CompareDocx.bm_lib_func_param_prevFileAttachId_6]]></guid></bm_lib_func_param><bm_lib_func_param><id>38699427</id><bm_lib_func_id>38699420</bm_lib_func_id><param_name><![CDATA[curFileAttachId]]></param_name><ref_id>-1</ref_id><param_location>0</param_location><param_type>-1</param_type><datatype>6</datatype><date_modified>1519072751000</date_modified><order_no>6</order_no><guid><![CDATA[bm_lib_func_util_CN_CompareDocx.bm_lib_func_param_curFileAttachId_6]]></guid></bm_lib_func_param></_children></bm_lib_func>